Country,Year
SPAIN,2019
SLOVAKIA,2019
CZECH REPUBLIC,2019
CZECH REPUBLIC,2019
SPAIN,2019
POLAND,2022
CROATIA,2023
GERMANY,2019
SPAIN,2018
SPAIN,2019
SPAIN,2019
SPAIN,2019
SPAIN,2019
SLOVAKIA,2019
SLOVAKIA,2019
SLOVAKIA,2020
SLOVAKIA,2019
GERMANY,2020
GERMANY,2020
GERMANY,2020
SLOVAKIA,2019
SPAIN,2024
GERMANY,2019
LATVIA,2019
POLAND,2019
HUNGARY,2019
AUSTRIA,2019
AUSTRIA,2019
GERMANY,2019
NORWAY,2019
ROMANIA,2026
ROMANIA,2026
POLAND,2026
ROMANIA,2026
FRANCE,2026
FRANCE,2026
ROMANIA,2025
ROMANIA,2025
SPAIN,2025
ITALY,2025
FRANCE,2025
SPAIN,2025
SPAIN,2025
SPAIN,2025
SPAIN,2025
SPAIN,2025
THE NETHERLANDS,2025
FRANCE,2025
ROMANIA,2025
ROMANIA,2025
ITALY,2025
SPAIN,2025
SPAIN,2025
SPAIN,2025
FRANCE,2025
BELGIUM,2025
ROMANIA,2025
ITALY,2025
ITALY,2025
ROMANIA,2025
CROATIA,2025
SPAIN,2025
FRANCE,2025
UNITED KINGDOM,2025
ROMANIA,2025
SPAIN,2025
SPAIN,2025
SPAIN,2025
AUSTRIA,2025
ROMANIA,2025
POLAND,2025
SPAIN,2025
ITALY,2025
ITALY,2025
ROMANIA,2025
ROMANIA,2025
ROMANIA,2025
GREECE,2025
SPAIN,2025
SPAIN,2025
LATVIA,2025
SPAIN,2025
POLAND,2025
FINLAND,2025
POLAND,2025
ITALY,2025
ITALY,2025
ITALY,2025
ITALY,2025
ITALY,2025
ITALY,2025
ROMANIA,2025
SPAIN,2025
ROMANIA,2025
ROMANIA,2025
THE NETHERLANDS,2025
UNITED KINGDOM,2025
UNITED KINGDOM,2025
ROMANIA,2025
ROMANIA,2025
ITALY,2025
ITALY,2025
GREECE,2025
ITALY,2025
SPAIN,2025
GERMANY,2025
GERMANY,2025
AUSTRIA,2025
ROMANIA,2025
SPAIN,2025
ITALY,2025
ITALY,2025
ITALY,2025
ITALY,2025
ITALY,2025
ITALY,2025
ITALY,2025
SPAIN,2025
SPAIN,2025
ROMANIA,2025
FRANCE,2025
SPAIN,2025
SPAIN,2025
POLAND,2025
ITALY,2025
ITALY,2025
ITALY,2025
ITALY,2025
ITALY,2025
ITALY,2025
ITALY,2025
ROMANIA,2025
FINLAND,2025
ESTONIA,2025
AUSTRIA,2025
BELGIUM,2025
SPAIN,2025
AUSTRIA,2025
DENMARK,2025
ROMANIA,2025
FRANCE,2025
FRANCE,2025
FRANCE,2025
SPAIN,2025
SPAIN,2025
SPAIN,2025
SPAIN,2025
POLAND,2025
SPAIN,2025
SPAIN,2025
SPAIN,2025
SPAIN,2025
SPAIN,2025
ROMANIA,2025
SPAIN,2025
ROMANIA,2025
SPAIN,2025
SPAIN,2025
SPAIN,2025
SPAIN,2025
AUSTRIA,2025
ROMANIA,2025
POLAND,2025
ITALY,2025
ITALY,2025
UNITED KINGDOM,2025
ITALY,2025
POLAND,2025
ROMANIA,2025
ITALY,2025
ITALY,2025
POLAND,2025
POLAND,2025
GREECE,2025
SPAIN,2025
SPAIN,2025
SPAIN,2025
SPAIN,2025
ROMANIA,2025
SPAIN,2025
SPAIN,2025
SPAIN,2025
GREECE,2025
GREECE,2025
ITALY,2025
ITALY,2025
ITALY,2025
ITALY,2025
ITALY,2025
ITALY,2025
SPAIN,2025
GREECE,2025
SPAIN,2025
POLAND,2025
ROMANIA,2025
ROMANIA,2025
ROMANIA,2025
ROMANIA,2025
SPAIN,2025
GREECE,2025
GREECE,2025
GREECE,2025
GREECE,2025
UNITED KINGDOM,2025
IRELAND,2025
ROMANIA,2025
GREECE,2025
POLAND,2025
SPAIN,2025
SPAIN,2025
ROMANIA,2025
SWEDEN,2025
SWEDEN,2025
ROMANIA,2025
SPAIN,2025
SPAIN,2025
SPAIN,2025
SPAIN,2025
IRELAND,2025
ROMANIA,2025
NORWAY,2025
UNITED KINGDOM,2025
ITALY,2025
SPAIN,2025
AUSTRIA,2025
ROMANIA,2025
SPAIN,2025
FINLAND,2025
SPAIN,2025
SPAIN,2025
SPAIN,2025
ROMANIA,2025
ITALY,2025
ROMANIA,2025
SPAIN,2025
ITALY,2025
ITALY,2025
SPAIN,2025
SPAIN,2025
ROMANIA,2025
SPAIN,2025
ROMANIA,2025
SPAIN,2025
FRANCE,2025
FRANCE,2025
ROMANIA,2025
ROMANIA,2025
SPAIN,2025
ROMANIA,2025
SPAIN,2025
SPAIN,2025
ROMANIA,2025
SPAIN,2025
IRELAND,2025
LUXEMBOURG,2025
ITALY,2025
ITALY,2025
ITALY,2025
ITALY,2025
ITALY,2025
ITALY,2025
ITALY,2025
ITALY,2025
ITALY,2025
ROMANIA,2025
ROMANIA,2025
BELGIUM,2025
SPAIN,2025
ROMANIA,2025
SWEDEN,2025
BELGIUM,2025
SPAIN,2025
SPAIN,2025
SPAIN,2025
POLAND,2025
SPAIN,2025
ROMANIA,2025
SPAIN,2025
SPAIN,2025
UNITED KINGDOM,2025
SPAIN,2025
SPAIN,2025
ROMANIA,2025
ROMANIA,2025
ITALY,2025
ITALY,2025
ITALY,2025
ITALY,2025
ITALY,2025
ITALY,2025
ITALY,2025
ITALY,2025
ROMANIA,2025
SPAIN,2025
GREECE,2025
SPAIN,2025
SPAIN,2025
SPAIN,2025
ROMANIA,2025
ROMANIA,2025
SPAIN,2025
SPAIN,2025
SPAIN,2025
SPAIN,2025
SPAIN,2025
SPAIN,2025
ITALY,2025
ITALY,2025
ITALY,2025
UNITED KINGDOM,2025
ROMANIA,2025
POLAND,2025
CROATIA,2025
CROATIA,2025
CROATIA,2025
CROATIA,2025
CROATIA,2025
CROATIA,2025
CROATIA,2025
SPAIN,2025
ROMANIA,2025
SPAIN,2025
SPAIN,2025
ROMANIA,2025
POLAND,2025
POLAND,2025
SPAIN,2025
SPAIN,2025
ITALY,2025
ITALY,2025
ITALY,2025
ITALY,2025
ITALY,2025
ITALY,2025
ROMANIA,2025
POLAND,2025
ROMANIA,2025
NORWAY,2025
CYPRUS,2025
GERMANY,2025
ROMANIA,2025
ROMANIA,2025
ROMANIA,2025
ROMANIA,2025
SPAIN,2025
SPAIN,2025
ROMANIA,2025
ICELAND,2025
ROMANIA,2025
SPAIN,2025
SPAIN,2025
SPAIN,2025
ROMANIA,2025
ROMANIA,2025
SPAIN,2025
SPAIN,2025
ROMANIA,2025
FRANCE,2025
ROMANIA,2025
ROMANIA,2025
ROMANIA,2025
ROMANIA,2025
ROMANIA,2025
LITHUANIA,2025
ROMANIA,2025
ROMANIA,2025
SPAIN,2025
SPAIN,2025
SPAIN,2025
SPAIN,2025
SPAIN,2025
SPAIN,2025
SPAIN,2025
SPAIN,2025
SPAIN,2025
SPAIN,2025
SPAIN,2025
SPAIN,2025
SPAIN,2025
SPAIN,2025
SPAIN,2025
SPAIN,2025
ITALY,2025
ESTONIA,2025
LUXEMBOURG,2025
ROMANIA,2025
THE NETHERLANDS,2024
SPAIN,2024
SPAIN,2024
SPAIN,2024
SPAIN,2024
SPAIN,2024
POLAND,2024
SPAIN,2024
SPAIN,2024
POLAND,2024
IRELAND,2024
FINLAND,2024
BELGIUM,2024
SPAIN,2024
ITALY,2024
ITALY,2024
ITALY,2024
SPAIN,2024
SWEDEN,2024
SPAIN,2024
SPAIN,2024
ITALY,2024
DENMARK,2024
POLAND,2024
THE NETHERLANDS,2024
SPAIN,2024
SPAIN,2024
IRELAND,2024
POLAND,2024
POLAND,2024
LUXEMBOURG,2024
SPAIN,2024
SPAIN,2024
ITALY,2024
SPAIN,2024
ITALY,2024
FINLAND,2024
IRELAND,2024
GERMANY,2024
DENMARK,2024
SPAIN,2024
SPAIN,2024
SPAIN,2024
ROMANIA,2024
ITALY,2024
SPAIN,2024
SPAIN,2024
SPAIN,2024
ROMANIA,2024
ROMANIA,2024
IRELAND,2024
ROMANIA,2024
SPAIN,2024
NORWAY,2024
POLAND,2024
SPAIN,2024
LITHUANIA,2024
SPAIN,2024
ROMANIA,2024
AUSTRIA,2024
SPAIN,2024
SPAIN,2024
SPAIN,2024
IRELAND,2024
ITALY,2024
SPAIN,2024
UNITED KINGDOM,2024
FRANCE,2024
FRANCE,2024
ROMANIA,2024
GREECE,2024
ROMANIA,2024
ROMANIA,2024
ROMANIA,2024
CROATIA,2024
CROATIA,2024
CROATIA,2024
ITALY,2024
ITALY,2024
ITALY,2024
FRANCE,2024
SPAIN,2024
NORWAY,2024
SPAIN,2024
NORWAY,2024
CYPRUS,2024
POLAND,2024
POLAND,2024
SWEDEN,2024
SWEDEN,2024
SPAIN,2024
POLAND,2024
ROMANIA,2024
AUSTRIA,2024
AUSTRIA,2024
DENMARK,2024
SPAIN,2024
ROMANIA,2024
SPAIN,2024
SPAIN,2024
SPAIN,2024
FRANCE,2024
THE NETHERLANDS,2024
SPAIN,2024
SPAIN,2024
SPAIN,2024
ITALY,2024
ITALY,2024
ESTONIA,2024
SPAIN,2024
SPAIN,2024
POLAND,2024
SPAIN,2024
SPAIN,2024
ITALY,2024
LITHUANIA,2024
GREECE,2024
SPAIN,2024
SPAIN,2024
SPAIN,2024
ROMANIA,2024
ROMANIA,2024
SPAIN,2024
SPAIN,2024
SWEDEN,2024
SPAIN,2024
ITALY,2024
ITALY,2024
ITALY,2024
ITALY,2024
SPAIN,2024
SPAIN,2024
SPAIN,2024
POLAND,2024
SPAIN,2024
SPAIN,2024
SPAIN,2024
FRANCE,2024
SPAIN,2024
ITALY,2024
ITALY,2024
ITALY,2024
ITALY,2024
AUSTRIA,2024
FRANCE,2024
FRANCE,2024
FRANCE,2024
FRANCE,2024
SPAIN,2024
SPAIN,2024
SPAIN,2024
THE NETHERLANDS,2024
SPAIN,2024
ROMANIA,2024
SPAIN,2024
SPAIN,2024
SPAIN,2024
GREECE,2024
GREECE,2024
FRANCE,2024
FRANCE,2024
SPAIN,2024
SPAIN,2024
ITALY,2024
ITALY,2024
ITALY,2024
FRANCE,2024
SPAIN,2024
SPAIN,2024
POLAND,2024
THE NETHERLANDS,2024
SPAIN,2024
ROMANIA,2024
ROMANIA,2024
SPAIN,2024
ITALY,2024
ITALY,2024
ITALY,2024
ITALY,2024
ROMANIA,2024
SPAIN,2024
SPAIN,2024
SPAIN,2024
SPAIN,2024
THE NETHERLANDS,2024
UNITED KINGDOM,2024
POLAND,2024
SPAIN,2024
POLAND,2024
SPAIN,2024
FRANCE,2024
ITALY,2024
ITALY,2024
ITALY,2024
ITALY,2024
POLAND,2024
ITALY,2024
ROMANIA,2024
ROMANIA,2024
CROATIA,2024
CROATIA,2024
CROATIA,2024
SPAIN,2024
CZECH REPUBLIC,2024
SPAIN,2024
SPAIN,2024
SPAIN,2024
SPAIN,2024
SPAIN,2024
SPAIN,2024
ITALY,2024
ITALY,2024
ITALY,2024
ITALY,2024
ITALY,2024
ITALY,2024
SPAIN,2024
FRANCE,2024
GREECE,2024
SPAIN,2024
SPAIN,2024
ICELAND,2024
ITALY,2024
SPAIN,2024
SPAIN,2024
SPAIN,2024
SPAIN,2024
SPAIN,2024
POLAND,2024
POLAND,2024
SPAIN,2024
ITALY,2024
ITALY,2024
ITALY,2024
FINLAND,2024
ROMANIA,2024
SPAIN,2024
SPAIN,2024
GREECE,2024
ROMANIA,2024
SPAIN,2024
ITALY,2024
ITALY,2024
SPAIN,2024
SPAIN,2024
SPAIN,2024
SPAIN,2024
SPAIN,2024
SPAIN,2024
ITALY,2024
ITALY,2024
ITALY,2024
SPAIN,2024
SPAIN,2024
ITALY,2024
ITALY,2024
CYPRUS,2024
CYPRUS,2024
ROMANIA,2024
ITALY,2024
SPAIN,2024
SPAIN,2024
SPAIN,2024
ROMANIA,2024
SPAIN,2024
SPAIN,2024
ITALY,2024
ITALY,2024
ITALY,2024
ITALY,2024
FRANCE,2024
FRANCE,2024
FRANCE,2024
ROMANIA,2024
GREECE,2024
GREECE,2024
ITALY,2024
ITALY,2024
SPAIN,2024
ITALY,2024
FRANCE,2024
FRANCE,2024
SPAIN,2024
SPAIN,2024
FRANCE,2024
POLAND,2024
POLAND,2024
BELGIUM,2024
THE NETHERLANDS,2024
ROMANIA,2024
FRANCE,2024
ROMANIA,2024
SPAIN,2024
FRANCE,2024
SPAIN,2024
AUSTRIA,2024
AUSTRIA,2024
SPAIN,2023
SPAIN,2023
FRANCE,2023
FRANCE,2023
FRANCE,2023
FRANCE,2023
POLAND,2023
ITALY,2023
POLAND,2023
POLAND,2023
SPAIN,2023
SPAIN,2023
ROMANIA,2023
UNITED KINGDOM,2023
POLAND,2023
FRANCE,2023
AUSTRIA,2023
SPAIN,2023
ROMANIA,2023
THE NETHERLANDS,2023
ROMANIA,2023
ITALY,2023
ITALY,2023
POLAND,2023
ITALY,2023
SPAIN,2023
CYPRUS,2023
ICELAND,2023
ICELAND,2023
ICELAND,2023
ICELAND,2023
ICELAND,2023
SPAIN,2023
ITALY,2023
ITALY,2023
ITALY,2023
SPAIN,2023
SWEDEN,2023
SPAIN,2023
NORWAY,2023
SPAIN,2023
SPAIN,2023
GREECE,2023
SPAIN,2023
SPAIN,2023
CYPRUS,2023
SPAIN,2023
SPAIN,2023
ROMANIA,2023
SPAIN,2023
SPAIN,2023
SPAIN,2023
SPAIN,2023
SPAIN,2023
SPAIN,2023
SPAIN,2023
SPAIN,2023
SPAIN,2023
SPAIN,2023
POLAND,2023
ITALY,2023
ITALY,2023
ITALY,2023
ITALY,2023
ITALY,2023
SPAIN,2023
SPAIN,2023
ROMANIA,2023
SPAIN,2023
GREECE,2023
SPAIN,2023
SWEDEN,2023
GREECE,2023
SPAIN,2023
SPAIN,2023
SPAIN,2023
SPAIN,2023
SPAIN,2023
SPAIN,2023
SPAIN,2023
ROMANIA,2023
SPAIN,2023
SPAIN,2023
SPAIN,2023
THE NETHERLANDS,2023
SPAIN,2023
SPAIN,2023
SPAIN,2023
SPAIN,2023
SPAIN,2023
ROMANIA,2023
ITALY,2023
SPAIN,2023
ITALY,2023
SPAIN,2023
SPAIN,2023
SPAIN,2023
ROMANIA,2023
SPAIN,2023
ROMANIA,2023
SPAIN,2023
SPAIN,2023
ROMANIA,2023
SPAIN,2023
SPAIN,2023
SPAIN,2023
SPAIN,2023
POLAND,2023
SWEDEN,2023
SPAIN,2023
FRANCE,2023
ITALY,2023
ITALY,2023
SPAIN,2023
SPAIN,2023
GREECE,2023
SPAIN,2023
SPAIN,2023
SPAIN,2023
SPAIN,2023
SPAIN,2023
POLAND,2023
SPAIN,2023
CROATIA,2023
SWEDEN,2023
ROMANIA,2023
ITALY,2023
ITALY,2023
ITALY,2023
ITALY,2023
ITALY,2023
ITALY,2023
ITALY,2023
SPAIN,2023
SPAIN,2023
SPAIN,2023
ROMANIA,2023
CROATIA,2023
AUSTRIA,2023
CZECH REPUBLIC,2023
SPAIN,2023
ROMANIA,2023
SPAIN,2023
GREECE,2023
SPAIN,2023
SPAIN,2023
SPAIN,2023
LUXEMBOURG,2023
SPAIN,2023
SPAIN,2023
ROMANIA,2023
FRANCE,2023
CROATIA,2023
CROATIA,2023
ITALY,2023
ITALY,2023
ITALY,2023
ITALY,2023
ITALY,2023
ITALY,2023
CROATIA,2023
FINLAND,2023
SPAIN,2023
ICELAND,2023
SPAIN,2023
FINLAND,2023
SPAIN,2023
IRELAND,2023
ITALY,2023
ITALY,2023
ITALY,2023
ITALY,2023
CZECH REPUBLIC,2023
SPAIN,2023
SPAIN,2023
SPAIN,2023
SPAIN,2023
SPAIN,2023
POLAND,2023
SPAIN,2023
SPAIN,2023
SPAIN,2023
SPAIN,2023
SWEDEN,2023
SPAIN,2023
SPAIN,2023
SPAIN,2023
ROMANIA,2023
SPAIN,2023
SPAIN,2023
SPAIN,2023
SPAIN,2023
SPAIN,2023
SPAIN,2023
SPAIN,2023
SPAIN,2023
SPAIN,2023
ROMANIA,2023
SPAIN,2023
CZECH REPUBLIC,2023
SPAIN,2023
SPAIN,2023
SPAIN,2023
SPAIN,2023
CZECH REPUBLIC,2023
SPAIN,2023
SPAIN,2023
SPAIN,2023
SPAIN,2023
SPAIN,2023
SPAIN,2023
SPAIN,2023
SPAIN,2023
SPAIN,2023
SPAIN,2023
SPAIN,2023
SPAIN,2023
SPAIN,2023
ROMANIA,2023
ITALY,2023
ITALY,2023
ITALY,2023
ITALY,2023
ITALY,2023
POLAND,2023
ITALY,2023
ITALY,2023
ITALY,2023
ITALY,2023
SPAIN,2023
SPAIN,2023
SPAIN,2023
SPAIN,2023
POLAND,2023
SPAIN,2023
SPAIN,2023
SPAIN,2023
SPAIN,2023
ITALY,2023
ITALY,2023
SPAIN,2023
SPAIN,2023
SPAIN,2023
ICELAND,2023
SPAIN,2023
SPAIN,2023
SWEDEN,2023
SWEDEN,2023
SPAIN,2023
ICELAND,2023
ROMANIA,2023
SPAIN,2023
ICELAND,2023
ICELAND,2023
ICELAND,2023
SWEDEN,2023
SPAIN,2023
SPAIN,2023
SPAIN,2023
ITALY,2023
HUNGARY,2023
SPAIN,2023
ROMANIA,2023
POLAND,2023
SPAIN,2023
SPAIN,2023
ROMANIA,2023
CZECH REPUBLIC,2023
SPAIN,2023
BELGIUM,2023
IRELAND,2023
AUSTRIA,2023
ROMANIA,2023
ROMANIA,2023
FRANCE,2023
SPAIN,2023
SPAIN,2023
SPAIN,2023
SPAIN,2023
SPAIN,2023
SPAIN,2023
SWEDEN,2023
GREECE,2023
SPAIN,2023
SPAIN,2023
FRANCE,2023
ITALY,2023
ITALY,2023
SPAIN,2023
SPAIN,2023
SPAIN,2023
SPAIN,2023
ITALY,2023
ROMANIA,2023
SPAIN,2023
SPAIN,2023
SPAIN,2023
SPAIN,2023
SPAIN,2023
SPAIN,2023
POLAND,2023
SPAIN,2023
ITALY,2023
ITALY,2023
ITALY,2023
ITALY,2023
ITALY,2023
GERMANY,2023
SPAIN,2023
POLAND,2023
POLAND,2023
GREECE,2023
SPAIN,2023
SPAIN,2023
SPAIN,2023
SPAIN,2023
SPAIN,2023
SPAIN,2023
ROMANIA,2023
SPAIN,2023
ROMANIA,2023
CROATIA,2023
SPAIN,2023
SPAIN,2023
ITALY,2023
ITALY,2023
ITALY,2023
ITALY,2023
ITALY,2023
ITALY,2023
ROMANIA,2023
POLAND,2023
IRELAND,2023
ROMANIA,2023
ROMANIA,2023
ROMANIA,2023
FRANCE,2023
SPAIN,2023
SPAIN,2023
SPAIN,2023
SPAIN,2023
POLAND,2023
CROATIA,2023
CZECH REPUBLIC,2023
SPAIN,2023
SPAIN,2023
CYPRUS,2023
SPAIN,2023
SPAIN,2023
SPAIN,2023
ITALY,2023
ITALY,2023
ITALY,2023
ITALY,2023
ITALY,2023
ITALY,2023
ITALY,2023
SWEDEN,2023
SPAIN,2023
SPAIN,2023
SPAIN,2023
ROMANIA,2023
SPAIN,2023
SPAIN,2023
SPAIN,2023
LITHUANIA,2023
POLAND,2023
ROMANIA,2023
CZECH REPUBLIC,2023
ITALY,2023
ITALY,2023
ITALY,2023
SPAIN,2023
SPAIN,2023
ITALY,2023
ITALY,2023
ITALY,2023
ITALY,2023
ITALY,2023
HUNGARY,2023
ROMANIA,2023
BULGARIA,2023
SPAIN,2023
UNITED KINGDOM,2023
ROMANIA,2023
SPAIN,2023
SPAIN,2023
SPAIN,2023
HUNGARY,2023
SPAIN,2023
SPAIN,2023
SPAIN,2023
SPAIN,2023
ROMANIA,2023
SPAIN,2023
SPAIN,2023
ROMANIA,2023
SPAIN,2023
ITALY,2023
SPAIN,2023
ITALY,2023
ITALY,2023
ITALY,2023
SPAIN,2023
SPAIN,2023
SPAIN,2023
SPAIN,2023
SPAIN,2023
SPAIN,2023
SPAIN,2023
SPAIN,2023
SPAIN,2023
SPAIN,2023
SPAIN,2023
ROMANIA,2023
ROMANIA,2023
SPAIN,2023
FRANCE,2023
SPAIN,2023
SPAIN,2023
BULGARIA,2023
ROMANIA,2023
ROMANIA,2023
SPAIN,2023
SPAIN,2023
ROMANIA,2023
SPAIN,2023
ROMANIA,2023
SPAIN,2023
ITALY,2023
ITALY,2023
ITALY,2023
ITALY,2023
ITALY,2023
NORWAY,2023
ROMANIA,2023
ROMANIA,2023
ITALY,2023
ITALY,2023
ITALY,2023
ITALY,2023
POLAND,2023
SPAIN,2023
SPAIN,2023
SPAIN,2023
SPAIN,2023
SPAIN,2023
SPAIN,2023
SPAIN,2023
IRELAND,2023
ITALY,2023
SPAIN,2023
SPAIN,2023
SPAIN,2023
SPAIN,2023
SPAIN,2023
SPAIN,2023
SPAIN,2023
SPAIN,2023
SPAIN,2023
SPAIN,2023
SPAIN,2023
SPAIN,2023
GREECE,2023
FINLAND,2023
BULGARIA,2023
ROMANIA,2023
POLAND,2023
SPAIN,2023
POLAND,2023
NORWAY,2023
HUNGARY,2023
SPAIN,2023
SPAIN,2023
CYPRUS,2023
GREECE,2023
GREECE,2023
ROMANIA,2023
ROMANIA,2023
ROMANIA,2023
SPAIN,2023
SPAIN,2023
SPAIN,2023
SPAIN,2023
ITALY,2023
ITALY,2023
ITALY,2023
BULGARIA,2023
SPAIN,2023
SPAIN,2023
POLAND,2023
LITHUANIA,2023
IRELAND,2023
SPAIN,2023
SPAIN,2023
IRELAND,2023
POLAND,2023
THE NETHERLANDS,2023
SPAIN,2023
ROMANIA,2023
SPAIN,2023
SWEDEN,2023
BULGARIA,2023
SPAIN,2023
SPAIN,2023
SPAIN,2023
CYPRUS,2023
SPAIN,2023
GREECE,2023
ROMANIA,2023
SPAIN,2023
ITALY,2023
ITALY,2023
ITALY,2023
SPAIN,2023
SPAIN,2023
SPAIN,2023
LITHUANIA,2023
IRELAND,2023
ROMANIA,2023
ROMANIA,2023
SPAIN,2023
SPAIN,2023
IRELAND,2022
POLAND,2022
SPAIN,2022
SPAIN,2022
SPAIN,2022
SPAIN,2022
SPAIN,2022
SPAIN,2022
SPAIN,2022
SPAIN,2022
SPAIN,2022
ROMANIA,2022
FINLAND,2022
ROMANIA,2022
IRELAND,2022
HUNGARY,2022
SPAIN,2022
SPAIN,2022
SPAIN,2022
GREECE,2022
ROMANIA,2022
SPAIN,2022
SPAIN,2022
ITALY,2022
ITALY,2022
ITALY,2022
ITALY,2022
ITALY,2022
ITALY,2022
ITALY,2022
ITALY,2022
ITALY,2022
ITALY,2022
SPAIN,2022
SPAIN,2022
SPAIN,2022
FINLAND,2022
LUXEMBOURG,2022
LUXEMBOURG,2022
LUXEMBOURG,2022
LUXEMBOURG,2022
LUXEMBOURG,2022
LUXEMBOURG,2022
ROMANIA,2022
SPAIN,2022
SPAIN,2022
SPAIN,2022
FINLAND,2022
FRANCE,2022
CROATIA,2022
CROATIA,2022
CROATIA,2022
CROATIA,2022
CROATIA,2022
CROATIA,2022
CROATIA,2022
CROATIA,2022
SPAIN,2022
SPAIN,2022
SPAIN,2022
SPAIN,2022
SPAIN,2022
ITALY,2022
ITALY,2022
ITALY,2022
ITALY,2022
ITALY,2022
ITALY,2022
POLAND,2022
SPAIN,2022
SPAIN,2022
IRELAND,2022
ROMANIA,2022
SPAIN,2022
SPAIN,2022
CROATIA,2022
CROATIA,2022
ROMANIA,2022
FRANCE,2022
ITALY,2022
ITALY,2022
ITALY,2022
ITALY,2022
ITALY,2022
SPAIN,2022
ROMANIA,2022
ROMANIA,2022
ROMANIA,2022
SPAIN,2022
HUNGARY,2022
SPAIN,2022
SPAIN,2022
SPAIN,2022
SPAIN,2022
FRANCE,2022
ITALY,2022
ITALY,2022
ITALY,2022
ITALY,2022
ITALY,2022
ITALY,2022
ITALY,2022
ITALY,2022
ITALY,2022
ROMANIA,2022
CZECH REPUBLIC,2022
ROMANIA,2022
ROMANIA,2022
SPAIN,2022
SPAIN,2022
SPAIN,2022
SPAIN,2022
SPAIN,2022
SPAIN,2022
POLAND,2022
PORTUGAL,2022
PORTUGAL,2022
SPAIN,2022
SPAIN,2022
SPAIN,2022
SPAIN,2022
SPAIN,2022
SPAIN,2022
SPAIN,2022
SPAIN,2022
SPAIN,2022
SPAIN,2022
SPAIN,2022
ITALY,2022
ITALY,2022
ITALY,2022
ITALY,2022
ITALY,2022
ITALY,2022
ITALY,2022
SPAIN,2022
UNITED KINGDOM,2022
ROMANIA,2022
ROMANIA,2022
SPAIN,2022
SPAIN,2022
FRANCE,2022
SPAIN,2022
SPAIN,2022
SPAIN,2022
SPAIN,2022
SPAIN,2022
SPAIN,2022
SPAIN,2022
SPAIN,2022
SPAIN,2022
ITALY,2022
ITALY,2022
ITALY,2022
ITALY,2022
ITALY,2022
ITALY,2022
HUNGARY,2022
SPAIN,2022
UNITED KINGDOM,2022
SPAIN,2022
ROMANIA,2022
GREECE,2022
GREECE,2022
GREECE,2022
GREECE,2022
SPAIN,2022
SPAIN,2022
SPAIN,2022
HUNGARY,2022
HUNGARY,2022
SPAIN,2022
SPAIN,2022
ROMANIA,2022
GREECE,2022
GERMANY,2022
GERMANY,2022
ROMANIA,2022
GERMANY,2022
SPAIN,2022
ROMANIA,2022
SPAIN,2022
SPAIN,2022
SPAIN,2022
SPAIN,2022
ITALY,2022
ITALY,2022
ITALY,2022
ITALY,2022
ITALY,2022
SPAIN,2022
FRANCE,2022
SPAIN,2022
DENMARK,2022
HUNGARY,2022
SPAIN,2022
ROMANIA,2022
SPAIN,2022
GREECE,2022
ROMANIA,2022
POLAND,2022
SPAIN,2022
GREECE,2022
IRELAND,2022
SPAIN,2022
SPAIN,2022
SPAIN,2022
ITALY,2022
SPAIN,2022
POLAND,2022
SPAIN,2022
SPAIN,2022
SPAIN,2022
POLAND,2022
ROMANIA,2022
SPAIN,2022
SPAIN,2022
SPAIN,2022
SPAIN,2022
NORWAY,2022
BELGIUM,2022
AUSTRIA,2022
SPAIN,2022
SPAIN,2022
ROMANIA,2022
FRANCE,2022
BELGIUM,2022
SPAIN,2022
SPAIN,2022
DENMARK,2022
HUNGARY,2022
ROMANIA,2022
ROMANIA,2022
SPAIN,2022
SPAIN,2022
HUNGARY,2022
GREECE,2022
SPAIN,2022
ITALY,2022
ITALY,2022
ITALY,2022
ROMANIA,2022
SPAIN,2022
SPAIN,2022
GREECE,2022
SPAIN,2022
NORWAY,2022
SPAIN,2022
SPAIN,2022
ITALY,2022
SPAIN,2022
GERMANY,2022
ITALY,2022
SPAIN,2022
GERMANY,2022
SPAIN,2022
SPAIN,2022
SPAIN,2022
SPAIN,2022
SPAIN,2022
LUXEMBOURG,2022
CROATIA,2022
CROATIA,2022
ITALY,2022
ITALY,2022
ITALY,2022
ITALY,2022
ITALY,2022
ITALY,2022
SPAIN,2022
SPAIN,2022
SPAIN,2022
SPAIN,2022
GREECE,2022
SPAIN,2022
SPAIN,2022
SPAIN,2022
DENMARK,2022
GREECE,2022
SPAIN,2022
ISLE OF MAN,2022
SPAIN,2022
SPAIN,2022
SPAIN,2022
HUNGARY,2022
FRANCE,2022
SPAIN,2022
ROMANIA,2022
ITALY,2022
ITALY,2022
SPAIN,2022
SPAIN,2022
POLAND,2022
POLAND,2022
SPAIN,2022
SPAIN,2022
SPAIN,2022
ROMANIA,2022
LUXEMBOURG,2022
LUXEMBOURG,2022
LUXEMBOURG,2022
ITALY,2022
GREECE,2022
SPAIN,2022
SPAIN,2022
SPAIN,2022
GREECE,2022
SPAIN,2022
SPAIN,2022
FRANCE,2022
DENMARK,2022
LUXEMBOURG,2022
SPAIN,2022
ROMANIA,2022
ROMANIA,2022
GREECE,2022
SPAIN,2022
BELGIUM,2022
SPAIN,2022
ITALY,2022
ITALY,2022
ITALY,2022
ROMANIA,2022
SPAIN,2022
SPAIN,2022
UNITED KINGDOM,2022
ITALY,2022
ROMANIA,2022
POLAND,2022
ROMANIA,2022
SPAIN,2022
SPAIN,2022
SPAIN,2022
SPAIN,2022
SPAIN,2022
POLAND,2022
ITALY,2022
ITALY,2022
ITALY,2022
ITALY,2022
ITALY,2022
ITALY,2022
ITALY,2022
ITALY,2022
ITALY,2022
BELGIUM,2022
ROMANIA,2022
SPAIN,2022
ITALY,2022
ITALY,2022
ITALY,2022
SPAIN,2022
SPAIN,2022
SPAIN,2022
ROMANIA,2022
SPAIN,2022
SPAIN,2022
UNITED KINGDOM,2022
ROMANIA,2022
SPAIN,2022
SPAIN,2022
SPAIN,2022
SPAIN,2022
SPAIN,2022
NORWAY,2022
SPAIN,2022
DENMARK,2022
ROMANIA,2022
SPAIN,2022
SPAIN,2022
ITALY,2022
ITALY,2022
ITALY,2022
SPAIN,2022
SPAIN,2022
SPAIN,2022
SPAIN,2022
FINLAND,2022
ROMANIA,2022
BELGIUM,2022
BULGARIA,2022
ROMANIA,2022
SPAIN,2022
ICELAND,2022
ICELAND,2022
SPAIN,2022
SPAIN,2022
FINLAND,2022
SPAIN,2022
SPAIN,2022
SPAIN,2022
ITALY,2022
ITALY,2022
ITALY,2022
ITALY,2022
ITALY,2022
ITALY,2022
ITALY,2022
ITALY,2022
ITALY,2022
ITALY,2022
ITALY,2022
ITALY,2022
ITALY,2022
SPAIN,2022
ITALY,2022
SPAIN,2022
SPAIN,2022
HUNGARY,2022
SPAIN,2022
ROMANIA,2022
SPAIN,2022
SPAIN,2022
SPAIN,2022
FRANCE,2022
SPAIN,2022
SPAIN,2022
SPAIN,2022
ROMANIA,2022
THE NETHERLANDS,2022
ITALY,2022
ITALY,2022
ITALY,2022
ITALY,2022
ITALY,2022
ITALY,2022
ITALY,2022
ITALY,2022
DENMARK,2022
IRELAND,2022
BELGIUM,2022
BELGIUM,2022
BELGIUM,2022
GREECE,2022
GREECE,2022
BELGIUM,2022
HUNGARY,2022
ROMANIA,2022
SWEDEN,2022
DENMARK,2022
ROMANIA,2022
ITALY,2022
POLAND,2022
CYPRUS,2022
CYPRUS,2022
IRELAND,2022
NORWAY,2022
ROMANIA,2022
ITALY,2022
ITALY,2022
ITALY,2022
ITALY,2022
UNITED KINGDOM,2022
GREECE,2022
GREECE,2022
CROATIA,2022
CROATIA,2022
ICELAND,2022
NORWAY,2022
GERMANY,2022
HUNGARY,2022
THE NETHERLANDS,2022
SPAIN,2022
SPAIN,2022
ROMANIA,2022
ROMANIA,2022
SPAIN,2022
SPAIN,2022
SPAIN,2022
SPAIN,2022
SPAIN,2022
SPAIN,2022
GREECE,2022
SPAIN,2022
SPAIN,2022
ITALY,2022
ITALY,2022
ITALY,2022
ITALY,2022
ITALY,2022
ITALY,2022
ITALY,2022
ITALY,2022
HUNGARY,2022
SPAIN,2022
SPAIN,2022
SPAIN,2022
SPAIN,2022
SPAIN,2022
CYPRUS,2022
SPAIN,2022
BELGIUM,2022
NORWAY,2022
LUXEMBOURG,2022
ROMANIA,2022
SPAIN,2022
SPAIN,2022
SPAIN,2022
SPAIN,2022
SPAIN,2022
NORWAY,2022
SPAIN,2022
SPAIN,2022
SPAIN,2022
BELGIUM,2022
BELGIUM,2022
GREECE,2022
GREECE,2022
ITALY,2022
ITALY,2022
SWEDEN,2022
SWEDEN,2022
IRELAND,2022
SPAIN,2022
SPAIN,2022
ROMANIA,2022
POLAND,2022
POLAND,2022
POLAND,2022
SPAIN,2022
SPAIN,2022
SPAIN,2022
MALTA,2022
SPAIN,2022
SPAIN,2022
THE NETHERLANDS,2022
AUSTRIA,2022
SPAIN,2022
ITALY,2022
ITALY,2022
ITALY,2022
ITALY,2022
ITALY,2022
SPAIN,2022
SPAIN,2022
SPAIN,2022
GREECE,2022
FRANCE,2021
FRANCE,2021
FRANCE,2021
GREECE,2021
GREECE,2021
GREECE,2021
SPAIN,2021
SPAIN,2021
FRANCE,2021
FRANCE,2021
SPAIN,2021
FINLAND,2021
SPAIN,2021
SPAIN,2021
SPAIN,2021
SPAIN,2021
SPAIN,2021
PORTUGAL,2021
ITALY,2021
SPAIN,2021
SPAIN,2021
NORWAY,2021
SPAIN,2021
ITALY,2021
FINLAND,2021
FINLAND,2021
ITALY,2021
ITALY,2021
ITALY,2021
ITALY,2021
ITALY,2021
SPAIN,2021
DENMARK,2021
SPAIN,2021
BELGIUM,2021
SPAIN,2021
ROMANIA,2021
NORWAY,2021
NORWAY,2021
IRELAND,2021
POLAND,2021
BELGIUM,2021
GREECE,2021
SPAIN,2021
FINLAND,2021
ROMANIA,2021
HUNGARY,2021
SPAIN,2021
ITALY,2021
SPAIN,2021
ITALY,2021
IRELAND,2021
ITALY,2021
ITALY,2021
LUXEMBOURG,2021
POLAND,2021
SPAIN,2021
SPAIN,2021
SPAIN,2021
SPAIN,2021
SPAIN,2021
SPAIN,2021
SPAIN,2021
LITHUANIA,2021
ROMANIA,2021
ITALY,2021
ITALY,2021
UNITED KINGDOM,2021
THE NETHERLANDS,2021
ITALY,2021
SPAIN,2021
NORWAY,2021
SPAIN,2021
SPAIN,2021
ICELAND,2021
ICELAND,2021
SPAIN,2021
SPAIN,2021
SPAIN,2021
SPAIN,2021
SPAIN,2021
CZECH REPUBLIC,2021
SPAIN,2021
SPAIN,2021
SPAIN,2021
SPAIN,2021
ROMANIA,2021
SPAIN,2021
SPAIN,2021
THE NETHERLANDS,2021
CYPRUS,2021
ITALY,2021
LUXEMBOURG,2021
FRANCE,2021
SPAIN,2021
CZECH REPUBLIC,2021
ROMANIA,2021
ROMANIA,2021
ITALY,2021
ITALY,2021
LUXEMBOURG,2021
LUXEMBOURG,2021
HUNGARY,2021
SPAIN,2021
SPAIN,2021
SPAIN,2021
SPAIN,2021
BULGARIA,2021
SPAIN,2021
ROMANIA,2021
SPAIN,2021
SPAIN,2021
SPAIN,2021
SPAIN,2021
NORWAY,2021
UNITED KINGDOM,2021
POLAND,2021
GREECE,2021
ITALY,2021
SPAIN,2021
LUXEMBOURG,2021
LUXEMBOURG,2021
SPAIN,2021
SPAIN,2021
IRELAND,2021
LUXEMBOURG,2021
SPAIN,2021
SPAIN,2021
SPAIN,2021
SPAIN,2021
GREECE,2021
ITALY,2021
SPAIN,2021
SPAIN,2021
DENMARK,2021
ITALY,2021
AUSTRIA,2021
SPAIN,2021
AUSTRIA,2021
NORWAY,2021
GERMANY,2021
SPAIN,2021
ITALY,2021
NORWAY,2021
SPAIN,2021
NORWAY,2021
NORWAY,2021
CYPRUS,2021
DENMARK,2021
ITALY,2021
DENMARK,2021
SPAIN,2021
ITALY,2021
ITALY,2021
ITALY,2021
ITALY,2021
ITALY,2021
FRANCE,2021
SPAIN,2021
SPAIN,2021
SPAIN,2021
SPAIN,2021
SPAIN,2021
SPAIN,2021
SPAIN,2021
SPAIN,2021
DENMARK,2021
IRELAND,2021
CYPRUS,2021
CYPRUS,2021
CYPRUS,2021
SPAIN,2021
GREECE,2021
IRELAND,2021
SPAIN,2021
SPAIN,2021
SPAIN,2021
GREECE,2021
GREECE,2021
GREECE,2021
SPAIN,2021
ROMANIA,2021
SPAIN,2021
SPAIN,2021
IRELAND,2021
DENMARK,2021
SPAIN,2021
POLAND,2021
NORWAY,2021
SPAIN,2021
SPAIN,2021
SPAIN,2021
SPAIN,2021
SPAIN,2021
LUXEMBOURG,2021
AUSTRIA,2021
SPAIN,2021
SPAIN,2021
AUSTRIA,2021
ROMANIA,2021
SPAIN,2021
SPAIN,2021
SPAIN,2021
SPAIN,2021
SPAIN,2021
SPAIN,2021
SPAIN,2021
SPAIN,2021
SPAIN,2021
SPAIN,2021
SPAIN,2021
SPAIN,2021
SPAIN,2021
SPAIN,2021
SPAIN,2021
SPAIN,2021
SPAIN,2021
SPAIN,2021
SPAIN,2021
SPAIN,2021
FRANCE,2021
SPAIN,2021
ITALY,2021
ITALY,2021
ITALY,2021
ITALY,2021
ITALY,2021
FRANCE,2021
DENMARK,2021
LUXEMBOURG,2021
SPAIN,2021
DENMARK,2021
SPAIN,2021
SPAIN,2021
SPAIN,2021
GREECE,2021
DENMARK,2021
SPAIN,2021
SPAIN,2021
CROATIA,2021
UNITED KINGDOM,2021
CROATIA,2021
FINLAND,2021
SPAIN,2021
SPAIN,2021
SPAIN,2021
POLAND,2021
LUXEMBOURG,2021
FINLAND,2021
NORWAY,2021
SPAIN,2021
LITHUANIA,2021
SWEDEN,2021
POLAND,2021
HUNGARY,2021
DENMARK,2021
ICELAND,2021
SPAIN,2021
FRANCE,2021
LUXEMBOURG,2021
LUXEMBOURG,2021
LUXEMBOURG,2021
ITALY,2021
ITALY,2021
ITALY,2021
ITALY,2021
CZECH REPUBLIC,2021
CZECH REPUBLIC,2021
CZECH REPUBLIC,2021
CZECH REPUBLIC,2021
ROMANIA,2021
SWEDEN,2021
ROMANIA,2021
SPAIN,2021
SPAIN,2021
SWEDEN,2021
SWEDEN,2021
SWEDEN,2021
SWEDEN,2021
SWEDEN,2021
SPAIN,2021
NORWAY,2021
GREECE,2021
SPAIN,2021
LUXEMBOURG,2021
THE NETHERLANDS,2021
NORWAY,2021
SPAIN,2021
ITALY,2021
ITALY,2021
SPAIN,2021
SPAIN,2021
SPAIN,2021
SPAIN,2021
SPAIN,2021
SPAIN,2021
SPAIN,2021
SPAIN,2021
NORWAY,2021
ROMANIA,2021
ROMANIA,2021
NORWAY,2021
GREECE,2021
CZECH REPUBLIC,2021
ROMANIA,2021
SPAIN,2021
ITALY,2021
ROMANIA,2021
ITALY,2021
ITALY,2021
SPAIN,2021
GREECE,2021
GREECE,2021
LUXEMBOURG,2021
LUXEMBOURG,2021
LUXEMBOURG,2021
LUXEMBOURG,2021
ROMANIA,2021
NORWAY,2021
SPAIN,2021
SPAIN,2021
ITALY,2021
ICELAND,2021
SPAIN,2021
SPAIN,2021
HUNGARY,2021
HUNGARY,2021
POLAND,2021
BELGIUM,2021
SPAIN,2021
SPAIN,2021
SPAIN,2021
POLAND,2021
FINLAND,2021
ITALY,2021
SPAIN,2021
HUNGARY,2021
ROMANIA,2021
SPAIN,2021
GREECE,2021
ROMANIA,2021
SPAIN,2021
ITALY,2021
ITALY,2021
ITALY,2021
ITALY,2021
SPAIN,2021
NORWAY,2021
THE NETHERLANDS,2021
SPAIN,2021
LUXEMBOURG,2021
SPAIN,2021
SPAIN,2021
SPAIN,2021
SPAIN,2021
ROMANIA,2021
ITALY,2021
ITALY,2021
ITALY,2021
ITALY,2021
ITALY,2021
HUNGARY,2021
ITALY,2021
HUNGARY,2021
ROMANIA,2021
SPAIN,2021
IRELAND,2021
GREECE,2021
NORWAY,2021
POLAND,2021
SPAIN,2021
SPAIN,2021
SPAIN,2021
BELGIUM,2021
SPAIN,2021
SPAIN,2021
NORWAY,2021
SPAIN,2021
NORWAY,2021
SPAIN,2021
SPAIN,2021
SPAIN,2021
ITALY,2021
THE NETHERLANDS,2021
ITALY,2021
ITALY,2021
CZECH REPUBLIC,2021
GERMANY,2021
SPAIN,2021
SPAIN,2021
SPAIN,2021
SPAIN,2021
SPAIN,2021
NORWAY,2021
ROMANIA,2021
GERMANY,2021
CYPRUS,2021
CYPRUS,2021
CYPRUS,2021
CYPRUS,2021
NORWAY,2021
SPAIN,2021
LITHUANIA,2021
SPAIN,2021
LITHUANIA,2021
LITHUANIA,2021
ITALY,2021
ITALY,2021
ITALY,2021
ITALY,2021
ITALY,2021
ITALY,2021
SPAIN,2021
CZECH REPUBLIC,2021
GERMANY,2021
CROATIA,2021
SPAIN,2021
DENMARK,2021
SPAIN,2021
SPAIN,2021
AUSTRIA,2021
SPAIN,2021
THE NETHERLANDS,2021
POLAND,2021
ITALY,2021
ITALY,2021
ITALY,2021
ITALY,2021
ITALY,2021
ROMANIA,2021
SPAIN,2021
LATVIA,2021
SPAIN,2021
SPAIN,2021
SPAIN,2021
THE NETHERLANDS,2021
NORWAY,2021
SPAIN,2021
CZECH REPUBLIC,2021
CZECH REPUBLIC,2021
SPAIN,2021
SPAIN,2021
ITALY,2021
FRANCE,2021
FRANCE,2021
BELGIUM,2021
ITALY,2021
ITALY,2021
ITALY,2021
BELGIUM,2021
SPAIN,2021
SPAIN,2021
CZECH REPUBLIC,2021
CZECH REPUBLIC,2021
SPAIN,2021
CZECH REPUBLIC,2021
NORWAY,2021
POLAND,2021
NORWAY,2021
ITALY,2021
ITALY,2021
ITALY,2021
ITALY,2021
ITALY,2021
SPAIN,2021
NORWAY,2021
BELGIUM,2021
POLAND,2021
GERMANY,2021
NORWAY,2021
NORWAY,2021
FRANCE,2021
POLAND,2021
POLAND,2021
SPAIN,2021
NORWAY,2021
CZECH REPUBLIC,2021
ROMANIA,2020
ROMANIA,2020
POLAND,2020
BELGIUM,2020
BELGIUM,2020
SPAIN,2020
ROMANIA,2020
SPAIN,2020
THE NETHERLANDS,2020
CZECH REPUBLIC,2020
CZECH REPUBLIC,2020
CZECH REPUBLIC,2020
CZECH REPUBLIC,2020
CZECH REPUBLIC,2020
CZECH REPUBLIC,2020
CZECH REPUBLIC,2020
CZECH REPUBLIC,2020
CZECH REPUBLIC,2020
CZECH REPUBLIC,2020
CZECH REPUBLIC,2020
CZECH REPUBLIC,2020
ROMANIA,2020
FRANCE,2020
FRANCE,2020
POLAND,2020
ITALY,2020
ITALY,2020
ITALY,2020
IRELAND,2020
ITALY,2020
ITALY,2020
ITALY,2020
HUNGARY,2020
HUNGARY,2020
HUNGARY,2020
HUNGARY,2020
IRELAND,2020
SWEDEN,2020
LATVIA,2020
LATVIA,2020
SPAIN,2020
POLAND,2020
SPAIN,2020
SWEDEN,2020
ISLE OF MAN,2020
SPAIN,2020
HUNGARY,2020
THE NETHERLANDS,2020
SPAIN,2020
SPAIN,2020
POLAND,2020
POLAND,2020
FRANCE,2020
SWEDEN,2020
SWEDEN,2020
SPAIN,2020
SWEDEN,2020
SWEDEN,2020
SWEDEN,2020
SWEDEN,2020
SWEDEN,2020
NORWAY,2020
SPAIN,2020
SPAIN,2020
SPAIN,2020
SPAIN,2020
CZECH REPUBLIC,2020
ESTONIA,2020
ESTONIA,2020
ESTONIA,2020
CZECH REPUBLIC,2020
CZECH REPUBLIC,2020
SPAIN,2020
ITALY,2020
ITALY,2020
ITALY,2020
SWEDEN,2020
SPAIN,2020
BELGIUM,2020
ROMANIA,2020
SWEDEN,2020
SPAIN,2020
ROMANIA,2020
ITALY,2020
CZECH REPUBLIC,2020
SPAIN,2020
SPAIN,2020
FRANCE,2020
FRANCE,2020
HUNGARY,2020
ITALY,2020
ITALY,2020
SPAIN,2020
SPAIN,2020
UNITED KINGDOM,2020
BELGIUM,2020
ITALY,2020
GERMANY,2020
SPAIN,2020
SPAIN,2020
SPAIN,2020
SPAIN,2020
SPAIN,2020
UNITED KINGDOM,2020
GREECE,2020
ITALY,2020
ITALY,2020
SPAIN,2020
SPAIN,2020
ITALY,2020
SPAIN,2020
SPAIN,2020
GERMANY,2020
HUNGARY,2020
CYPRUS,2020
LITHUANIA,2020
ROMANIA,2020
CYPRUS,2020
CYPRUS,2020
AUSTRIA,2020
AUSTRIA,2020
UNITED KINGDOM,2020
ROMANIA,2020
CZECH REPUBLIC,2020
SPAIN,2020
SPAIN,2020
SPAIN,2020
SPAIN,2020
SPAIN,2020
SPAIN,2020
SPAIN,2020
GERMANY,2020
ROMANIA,2020
ROMANIA,2020
CZECH REPUBLIC,2020
ITALY,2020
ITALY,2020
SPAIN,2020
CZECH REPUBLIC,2020
CZECH REPUBLIC,2020
SPAIN,2020
NORWAY,2020
SPAIN,2020
SPAIN,2020
CZECH REPUBLIC,2020
SPAIN,2020
SPAIN,2020
SPAIN,2020
SPAIN,2020
GREECE,2020
CZECH REPUBLIC,2020
POLAND,2020
ROMANIA,2020
SPAIN,2020
ITALY,2020
BELGIUM,2020
NORWAY,2020
ITALY,2020
SPAIN,2020
ROMANIA,2020
CZECH REPUBLIC,2020
POLAND,2020
CZECH REPUBLIC,2020
SPAIN,2020
SPAIN,2020
IRELAND,2020
ESTONIA,2020
SPAIN,2020
ESTONIA,2020
IRELAND,2020
ITALY,2020
ITALY,2020
SPAIN,2020
ITALY,2020
SPAIN,2020
FRANCE,2020
FINLAND,2020
SPAIN,2020
AUSTRIA,2020
ITALY,2020
DENMARK,2020
SPAIN,2020
ITALY,2020
ITALY,2020
ITALY,2020
CZECH REPUBLIC,2020
GREECE,2020
SPAIN,2020
SPAIN,2020
ROMANIA,2020
ROMANIA,2020
ITALY,2020
ITALY,2020
ITALY,2020
DENMARK,2020
BELGIUM,2020
ROMANIA,2020
SPAIN,2020
SPAIN,2020
SPAIN,2020
SPAIN,2020
SPAIN,2020
SPAIN,2020
HUNGARY,2020
HUNGARY,2020
CZECH REPUBLIC,2020
SPAIN,2020
SPAIN,2020
SPAIN,2020
SPAIN,2020
SPAIN,2020
HUNGARY,2020
POLAND,2020
CZECH REPUBLIC,2020
BELGIUM,2020
BELGIUM,2020
ITALY,2020
ITALY,2020
ITALY,2020
POLAND,2020
NORWAY,2020
SPAIN,2020
SPAIN,2020
SPAIN,2020
SPAIN,2020
SPAIN,2020
SPAIN,2020
ROMANIA,2020
THE NETHERLANDS,2020
SPAIN,2020
SPAIN,2020
NORWAY,2020
SPAIN,2020
SPAIN,2020
ITALY,2020
GERMANY,2020
DENMARK,2020
IRELAND,2020
GREECE,2020
ISLE OF MAN,2020
SPAIN,2020
SPAIN,2020
NORWAY,2020
BELGIUM,2020
NORWAY,2020
SPAIN,2020
ROMANIA,2020
SPAIN,2020
SWEDEN,2020
BELGIUM,2020
THE NETHERLANDS,2020
SPAIN,2020
HUNGARY,2020
CZECH REPUBLIC,2020
ROMANIA,2020
SPAIN,2020
SPAIN,2020
SPAIN,2020
SPAIN,2020
SPAIN,2020
SPAIN,2020
SPAIN,2020
SPAIN,2020
SPAIN,2020
SPAIN,2020
BELGIUM,2020
SPAIN,2020
POLAND,2020
BELGIUM,2020
FINLAND,2020
CZECH REPUBLIC,2020
FINLAND,2020
FINLAND,2020
FINLAND,2020
IRELAND,2020
DENMARK,2020
BELGIUM,2020
SWEDEN,2020
ROMANIA,2020
NORWAY,2020
THE NETHERLANDS,2020
ESTONIA,2020
SWEDEN,2020
BELGIUM,2020
ROMANIA,2020
ROMANIA,2020
BULGARIA,2020
GREECE,2020
HUNGARY,2020
ROMANIA,2020
ROMANIA,2020
ROMANIA,2020
ROMANIA,2020
SPAIN,2020
THE NETHERLANDS,2020
GREECE,2020
SPAIN,2020
HUNGARY,2020
SPAIN,2020
SPAIN,2020
SPAIN,2020
SPAIN,2020
CROATIA,2020
SPAIN,2020
SWEDEN,2020
DENMARK,2020
DENMARK,2020
ICELAND,2020
ICELAND,2020
SPAIN,2020
POLAND,2020
HUNGARY,2020
ITALY,2020
ITALY,2020
SPAIN,2020
SPAIN,2020
ITALY,2020
POLAND,2020
SPAIN,2020
HUNGARY,2020
THE NETHERLANDS,2020
SPAIN,2020
SPAIN,2020
SPAIN,2020
SPAIN,2020
SPAIN,2020
SPAIN,2020
NORWAY,2020
SPAIN,2020
NORWAY,2020
SPAIN,2020
SPAIN,2020
GREECE,2020
BULGARIA,2020
BULGARIA,2020
SPAIN,2020
SPAIN,2020
SPAIN,2020
SPAIN,2020
SPAIN,2020
SPAIN,2020
ITALY,2020
ROMANIA,2020
ITALY,2020
SPAIN,2020
SPAIN,2020
SPAIN,2020
SPAIN,2020
SPAIN,2020
SPAIN,2020
SPAIN,2020
SPAIN,2020
SPAIN,2020
SPAIN,2020
ITALY,2020
HUNGARY,2020
ITALY,2020
ITALY,2020
ITALY,2020
ITALY,2020
SPAIN,2020
CYPRUS,2020
CYPRUS,2020
GREECE,2020
SPAIN,2020
SPAIN,2020
SPAIN,2020
SPAIN,2020
SPAIN,2020
BULGARIA,2020
GREECE,2019
ROMANIA,2019
UNITED KINGDOM,2019
BELGIUM,2019
BELGIUM,2019
SWEDEN,2019
ROMANIA,2019
ROMANIA,2019
ROMANIA,2019
ROMANIA,2019
CZECH REPUBLIC,2019
HUNGARY,2019
ITALY,2019
ITALY,2019
SPAIN,2019
SPAIN,2019
ROMANIA,2019
GERMANY,2019
ROMANIA,2019
GERMANY,2019
SPAIN,2019
SPAIN,2019
ROMANIA,2019
ROMANIA,2019
ROMANIA,2019
BELGIUM,2019
BELGIUM,2019
ROMANIA,2019
SPAIN,2019
ROMANIA,2019
ROMANIA,2019
ROMANIA,2019
SPAIN,2019
FRANCE,2019
SPAIN,2019
SPAIN,2019
SPAIN,2019
SPAIN,2019
SPAIN,2019
SPAIN,2019
SPAIN,2019
SPAIN,2019
SPAIN,2019
THE NETHERLANDS,2019
THE NETHERLANDS,2019
GERMANY,2019
AUSTRIA,2019
BULGARIA,2019
SPAIN,2019
CYPRUS,2019
CYPRUS,2019
CYPRUS,2019
HUNGARY,2019
GERMANY,2019
SPAIN,2019
GREECE,2019
POLAND,2019
ROMANIA,2019
POLAND,2019
SPAIN,2019
SPAIN,2019
HUNGARY,2019
ROMANIA,2019
ROMANIA,2019
BULGARIA,2019
CZECH REPUBLIC,2019
BULGARIA,2019
GREECE,2019
GREECE,2019
CZECH REPUBLIC,2019
SPAIN,2019
ROMANIA,2019
GERMANY,2019
BELGIUM,2019
POLAND,2019
BULGARIA,2019
BULGARIA,2019
BULGARIA,2019
BULGARIA,2019
BULGARIA,2019
BULGARIA,2019
BULGARIA,2019
LATVIA,2019
SWEDEN,2019
SPAIN,2019
HUNGARY,2019
GERMANY,2019
HUNGARY,2019
GREECE,2019
FRANCE,2019
HUNGARY,2019
ROMANIA,2019
ROMANIA,2019
ROMANIA,2019
HUNGARY,2019
HUNGARY,2019
HUNGARY,2019
THE NETHERLANDS,2019
FRANCE,2019
CZECH REPUBLIC,2019
SPAIN,2019
HUNGARY,2019
HUNGARY,2019
FRANCE,2019
BELGIUM,2019
HUNGARY,2019
HUNGARY,2019
LITHUANIA,2019
GERMANY,2019
CZECH REPUBLIC,2019
NORWAY,2019
POLAND,2019
ITALY,2019
HUNGARY,2019
GERMANY,2019
BULGARIA,2019
HUNGARY,2019
HUNGARY,2019
POLAND,2019
BULGARIA,2019
PORTUGAL,2019
CZECH REPUBLIC,2019
PORTUGAL,2019
HUNGARY,2019
CZECH REPUBLIC,2019
HUNGARY,2019
CZECH REPUBLIC,2019
BULGARIA,2019
BULGARIA,2019
HUNGARY,2019
MALTA,2019
HUNGARY,2019
GERMANY,2019
PORTUGAL,2019
CZECH REPUBLIC,2019
CZECH REPUBLIC,2019
FRANCE,2019
BULGARIA,2019
CZECH REPUBLIC,2019
AUSTRIA,2018
HUNGARY,2018
GERMANY,2018
AUSTRIA,2018
BULGARIA,2018
GERMANY,2018
CZECH REPUBLIC,2018
AUSTRIA,2018
PORTUGAL,2018
GERMANY,2025
GERMANY,2024
GERMANY,2024
GERMANY,2024
GERMANY,2024
GERMANY,2024
GERMANY,2024
GERMANY,2024
GERMANY,2024
GERMANY,2024
GERMANY,2024
GERMANY,2024
GERMANY,2024
GERMANY,2024
GERMANY,2024
GERMANY,2024
GERMANY,2024
GERMANY,2024
GERMANY,2024
GERMANY,2024
GERMANY,2024
LITHUANIA,2024
SLOVAKIA,2024
SLOVAKIA,2024
SLOVAKIA,2024
GERMANY,2023
MALTA,2023
MALTA,2023
GERMANY,2023
CYPRUS,2023
CYPRUS,2023
GERMANY,2023
GERMANY,2023
GERMANY,2023
GERMANY,2023
GERMANY,2023
GERMANY,2023
GERMANY,2023
GERMANY,2023
GERMANY,2023
GERMANY,2023
GERMANY,2023
GERMANY,2023
GERMANY,2023
CYPRUS,2023
AUSTRIA,2023
GERMANY,2023
GERMANY,2023
GERMANY,2023
GERMANY,2023
GERMANY,2023
GERMANY,2023
GERMANY,2023
GERMANY,2023
GERMANY,2023
GERMANY,2023
GERMANY,2023
GERMANY,2023
GERMANY,2023
GERMANY,2023
GERMANY,2023
GERMANY,2023
GERMANY,2023
CYPRUS,2022
CYPRUS,2022
CYPRUS,2022
CYPRUS,2022
CYPRUS,2022
CYPRUS,2022
CYPRUS,2022
CYPRUS,2022
CYPRUS,2022
CYPRUS,2022
CYPRUS,2022
GERMANY,2022
GERMANY,2022
GERMANY,2022
GERMANY,2022
GERMANY,2022
GERMANY,2022
GERMANY,2022
GERMANY,2022
GERMANY,2022
GERMANY,2022
GERMANY,2022
GERMANY,2022
GERMANY,2022
GERMANY,2022
GERMANY,2022
GERMANY,2022
GERMANY,2022
GERMANY,2022
GERMANY,2022
GERMANY,2022
GERMANY,2022
GERMANY,2022
GERMANY,2022
CZECH REPUBLIC,2022
GERMANY,2022
GERMANY,2022
GERMANY,2022
GERMANY,2022
GERMANY,2022
GERMANY,2022
GERMANY,2022
GERMANY,2022
GERMANY,2022
HUNGARY,2022
HUNGARY,2022
HUNGARY,2022
HUNGARY,2022
HUNGARY,2022
BULGARIA,2022
BULGARIA,2022
MALTA,2022
MALTA,2022
GERMANY,2022
GERMANY,2022
GERMANY,2022
GERMANY,2022
GERMANY,2022
GERMANY,2022
GERMANY,2022
GERMANY,2022
GERMANY,2022
GERMANY,2022
LATVIA,2022
LATVIA,2022
LATVIA,2022
GERMANY,2022
MALTA,2022
GERMANY,2022
GERMANY,2022
GERMANY,2021
GERMANY,2021
GERMANY,2021
GERMANY,2021
GERMANY,2021
GERMANY,2021
GERMANY,2021
GERMANY,2021
GERMANY,2021
GERMANY,2021
GERMANY,2021
GERMANY,2021
GERMANY,2021
GERMANY,2021
GERMANY,2021
GERMANY,2021
GERMANY,2021
GERMANY,2021
GERMANY,2021
GERMANY,2021
GERMANY,2021
GERMANY,2021
GERMANY,2021
GERMANY,2021
GERMANY,2021
GERMANY,2021
GERMANY,2021
GERMANY,2021
GERMANY,2021
GERMANY,2021
GERMANY,2021
GERMANY,2021
GERMANY,2021
GERMANY,2021
GERMANY,2021
GERMANY,2021
GERMANY,2021
GERMANY,2021
GERMANY,2021
GERMANY,2021
GERMANY,2021
GERMANY,2021
GERMANY,2021
GERMANY,2021
GERMANY,2021
GERMANY,2021
GERMANY,2021
SLOVAKIA,2021
SLOVAKIA,2021
SLOVAKIA,2021
AUSTRIA,2021
AUSTRIA,2021
AUSTRIA,2021
AUSTRIA,2021
GERMANY,2020
GERMANY,2020
GERMANY,2020
GERMANY,2020
GERMANY,2020
GERMANY,2020
GERMANY,2020
GERMANY,2020
GERMANY,2020
GERMANY,2020
GERMANY,2020
GERMANY,2020
GERMANY,2020
GERMANY,2020
GERMANY,2020
GERMANY,2020
GERMANY,2020
GERMANY,2020
GERMANY,2020
GERMANY,2020
GERMANY,2020
MALTA,2020
MALTA,2020
MALTA,2020
MALTA,2020
MALTA,2020
MALTA,2020
MALTA,2020
CZECH REPUBLIC,2020
CZECH REPUBLIC,2020
CZECH REPUBLIC,2020
CZECH REPUBLIC,2020
CZECH REPUBLIC,2020
CZECH REPUBLIC,2020
CZECH REPUBLIC,2020
CZECH REPUBLIC,2020
CZECH REPUBLIC,2020
CZECH REPUBLIC,2020
CZECH REPUBLIC,2020
CZECH REPUBLIC,2020
LIECHTENSTEIN,2020
LITHUANIA,2020
GERMANY,2020
GERMANY,2020
CYPRUS,2019
GERMANY,2019
CYPRUS,2019
SPAIN,2019
SPAIN,2019
SPAIN,2019
SPAIN,2019
SPAIN,2019
SPAIN,2019
SPAIN,2019
SPAIN,2019
SPAIN,2019
GERMANY,2019
GERMANY,2019
CZECH REPUBLIC,2019
GERMANY,2019
GERMANY,2019
GERMANY,2019
DENMARK,2019
GERMANY,2019
GERMANY,2019
CYPRUS,2019
GERMANY,2019
GERMANY,2019
GERMANY,2019
AUSTRIA,2018
GERMANY,2018
GERMANY,2018